Name,Address,County,ig_xcord,ig_ycord
2 Radharc an Oilean,"2 Island View House, Harbour Road, Howth, Co. Dublin",Dublin,328656.3,239213.6
Aesthetica Dental Care,"Grange Clinic, Grange Road, Dublin 13",Dublin,322171.1,239820.1
Applewood Dental Centre,"6 Applewood Village Green, Applewood, Swords, Co. Dublin",Dublin,317389.563,248228.688
Balbriggan Dental Care,"59 Drogheda Street, Balbriggan, Co. Dublin",Dublin,320014.017,263989.564
Ballinteer Dental Centre,"47 Ballinteer Avenue, Dublin 16",Dublin,316692.438,226459.357
Ballyowen Castle Medical&Dental Centre,"Ballyowen Shopping Centre, Lucan, Co. Dublin",Dublin,305124.964,234159.898
Ballyowen Castle Medical&Dental Centre,"Ballyowen Shopping Centre, Lucan, Co. Dublin",Dublin,305124.964,234159.898
Beacon Dental Clinic,"Beacon Court, Sandyford Industrial Estate, Dublin 18",Dublin,318813.625,226447.031
Beechwood Dental,"9 Dunville Avenue, Dublin 6",Dublin,316306.187,231460.965
Belfield Dental,"174 Stillorgan Road, Donnybrook, Dublin 4",Dublin,318769.416,230384.639
Belgrave Dental Clinic,"1 Belgrave Square East, Dublin 6",Dublin,315992.29,231737.401
Berkerley Dental Centre,"14 Greenhills Road, Walkinstown, Dublin 12",Dublin,309905.762,229193.672
Blackglen Dental,"Blackglen Village Centre, Blackglen, Dublin 18",Dublin,317295.188,225671.563
Blackrock Orthodontics,"26 Mount Merrion Avenue, Blackrock, Co. Dublin",Dublin,321039.25,229412.984
Blessing Dental Surgery,"Unit 9  Village Court, Strand Road, Portmarnock, Co. Dublin",Dublin,323986.212,242952.465
Boroimhe Dental Practice,"Boroimhe Shopping Centre, Boroimhe, Swords, Co. Dublin",Dublin,317130.438,245499.047
Cabinteely Dental Centre,"2 St Gabriels Court, Bray Road, Dublin 18",Dublin,323415.188,225016.5
Cabra Dental Centre,"82 Cabra Road, Dublin 7",Dublin,314193.367,235864.906
Cahill' s Dental Surgery,"108/110  Saint Mobhi Road, Dublin 9",Dublin,315354.664,236971.29
Castleknock Dental Practice,"2 Main Street, Castleknock, Dublin 15",Dublin,309026.414,237132.593
Castleknock Orthodontis,"Ashleigh Centre, Castleknock, Dublin 15",Dublin,309145.5,237086.234
Central Dental Clinic,"Calimar, Leixlip Road, Lucan, Co. Dublin",Dublin,303158.748,235075.077
Central Dental Clinic,"Unit 1, 4 Lower Main Street, Lucan, Co. Dublin",Dublin,303211.25,235153.797
City Dental,"24A Wicklow Street, Dublin 2, Dublin",Dublin,315818.338,233908.421
Citywest Medical and Dental Centre,"Citywest Shopping Centre, Fortunes Walk, Saggart, Co. Dublin",Dublin,305232.875,226931.484
Clarendon Surgery,"65 Castleknock Road, Dublin 15",Dublin,308473.147,238183.107
Clinical Dental Technician,"56a Carysfort Avenue, Blackrock, Co. Dublin, A94c890",Dublin,321345.3006,229199.5999
Clinical Dental Technician,"61/62 Patrick Street, Dublin 8, D08pdh5",Dublin,315064.4996,233693.9229
Clinical Dental Technician,"Walkinstown Medical Centre, 133 Walkinstown Road, Dublin 12, D12px7a",Dublin,311132.2266,231144.5969
Clinical Dental Technician - Q Denture,"Rose Cottage, Main Street, Lucan Village, Co. Dublin, K78e021",Dublin,303105.0956,235099.7319
Clontarf Dental Practice,"189 Clontarf Road, Dublin 3",Dublin,320101.646,235853.623
Clyde Court Dental,"5 Clyde Court, Clyde Road, Ballsbridge, Dublin 4",Dublin,317614.625,232447.831
Declan Ward Orthodontics,"208 Botanic Avenue, Glasnevin, Dublin 9",Dublin,315324.753,237188.706
Dental Pracice,"37 North Strand Road, Dublin 3",Dublin,316973.778,235501.688
Dental Pracrtice,"River Road, Blanchardstown, Dublin 15",Dublin,308274.313,238550.906
Dental Practice,"99 Upper Georges Street, Dun Laoghaire, Co. Dublin",Dublin,324498.688,228398.063
Dental Practice,"12 Dodsboro Road, Lucan, Co. Dublin",Dublin,302473.614,234612.928
Dental Practice,"Lower Main Street, Lucan, Co. Dublin",Dublin,303412.094,235370.266
Dental Practice,"2 Mount Pleasant, Sandycove Road, Sandycove, Co. Dublin",Dublin,325471.969,227841.641
Dental Practice,"18 Annesley, Bridge Road, Dublin 3",Dublin,317370.866,236085.453
Dental Practice,"173 Ballymun Road, Dublin 11",Dublin,315480.652,239102.95
Dental Practice,"224 Collins Avenue, Dublin 9",Dublin,317848.976,237930.943
Dental Practice,"64 Upper Drumcondra Road, Dublin 9",Dublin,316304.322,237020.171
Dental Practice,"1 Manor Place, Dublin 7",Dublin,314285.3,234886.5
Dental Practice,"304 North Circular Road, Dublin 7",Dublin,314820.391,235811.654
Dental Practice,"56A Marian Road, Dublin 14",Dublin,313547.478,228249.081
Dental Practice,"42 Baggot Street Lower, Dublin 2",Dublin,316668.645,233271.021
Dental Practice,"75A Sandymount Road, Dublin 4",Dublin,318836.688,232895.282
Dental Practice,"79 Morehampton Road, Dublin 4",Dublin,317285.882,231884.189
Dental Practice,"188 Rathgar Road, Dublin 6",Dublin,315490.176,231422.322
Dental Practice,"69 Orwell Park Rise, Templeogue, Dublin 6",Dublin,311806.813,228970.016
Dental Practice,"1A Grosvenor Road, Dublin 6",Dublin,315458.609,231492.849
Dental Practice,"130 Terenure Road North, Dublin 6",Dublin,314453.127,230231.528
Dental Practice,"631 South Circular Road, Kilmainham, Dublin 8",Dublin,312760.715,233506.16
Dental Practice,"11A Grattan Crescent, Dublin 8, Dublin",Dublin,311882.608,233471.928
Dental Practice,"Unit 10 Le Fanu Shopping Centre, Le Fanu Road, Dublin 10",Dublin,309516.605,233803.495
Dental Practice,"276 Ballyfermot Road, Dublin 10",Dublin,309881.147,233707.22
Dental Practice,"353 Ballyfermot Road, Dublin 10",Dublin,309424.952,233688.778
Dental Practice,"137 Galtymore Road, Dublin 12",Dublin,312018.574,232882.948
Dental Practice,"153 Drimnagh Road, Dublin 12",Dublin,311594.45,231707.742
Dental Practice,"109 Old County Road, Dublin 12",Dublin,313005.771,232104.705
Dental Practice,"16 Walkinstown Road, Dublin 12",Dublin,311385.061,231612.063
Dental Practice,"325 Crumlin Road, Dublin 12",Dublin,312450.781,232003.047
Dental Practice,"49 Main Street, Dublin 14",Dublin,314378.53,228970.965
Dental Practice,"Bellavista, 125 Upper Churchtown Road, Dublin 14",Dublin,316318.421,228632.915
Dental Practice,"8 Sandyford Hall Centre, Kilgobbin Road, Dublin 18",Dublin,319072.344,225396.109
Dental Practice,"14 Palmerstown Park, Kennelsfort Road, Dublin 20",Dublin,308007.125,234625.058
Dental Practice,"51 Mountain Park, Tallaght, Dublin 24",Dublin,309708.95,227210.846
Dental Practice,"23 Maplewood Road, Springfield, Dublin 24",Dublin,307906.84,227550.089
Dental Practice,"19 Summerhill Road, Glasthule, Dun Laoghaire, Co. Dublin",Dublin,325030.732,228032.799
Dental Practice,"235 Rochestown Avenue, Dun Laoghaire, Co. Dublin",Dublin,324373.162,225724.728
Dental Practice,"10 Pakenham Road, Monkstown, Co. Dublin",Dublin,323350.14,228434.58
Dental Practice,"30 Sandycove Road, Sandycove, Co. Dublin",Dublin,325697.401,227786.318
Dental Practice,"19 Aubrey Park, Shankill, Co. Dublin",Dublin,325406.9,221664.3
Dental Practice,"35 Fairview Strand, Fairview, Dublin 3",Dublin,317295.625,236156.75
Dental Practice,"1 Castle Avenue, Dublin 3",Dublin,319246.932,236012.057
Dental Practice,"86 Griffith Avenue, Dublin 9",Dublin,317295.368,237188.307
Dental Practice,"145 Navan Road, Dublin 7",Dublin,312627.376,236321.652
Dental Practice,"10 Main Street, Finglas, Dublin 11",Dublin,313303.481,238992.178
Dental Practice,"4A Main Street, Finglas, Dublin 11",Dublin,313303.481,238992.178
Dental Practice,"329 Blanchardstown Centre, Blanchardstown, Dublin 15",Dublin,307143.997,239276.016
Dental Practice,"210 Briarwood Lawn, Mulhuddart, Dublin 15",Dublin,306229.842,240014.67
Dental Practice,"24 Danieli Drive, Artane, Dublin 5",Dublin,319448.725,238333.369
Dental Practice,"6 Chapel Street, Balbriggan, Co. Dublin",Dublin,320018.728,263816.405
Dental Practice,"Fingal House, Balbriggan, Co. Dublin",Dublin,319791.313,263188.156
Dental Practice,"3 Ross Terrace, New Street, Malahide, Co. Dublin",Dublin,322712.007,246168.001
Dental Practice,"31 Church Street, Skerries, Co. Dublin",Dublin,325468.6,260278.6
Dental Practice,"44 Upper Drumcondra Road, Dublin 9",Dublin,316279.259,236946.955
Dental Practice,"Sandymount Village Centre, Sandymount Road, Dublin 4",Dublin,318903.103,232818.39
Dental Practice,"72 Ranelagh, Dublin 6",Dublin,316432.707,231907.895
Dental Practice,"8 INNS COURT, WINETAVERN STREET, DUBLIN 8",Dublin,315121.3516,233995.2711
Dental Practice,"Heuston South Quarter, St Johns Road, Dublin 8",Dublin,313454.3,234084.8
Dental Practice,"Whitehall Road West, Dublin 12, Dublin",Dublin,311983.396,229997.758
Dental Practice,"144 Sundrive Road, Dublin 2, Dublin",Dublin,313566.559,231809.617
Dental Practice,"Balally Lodge, Sandyford Road, Dublin 16",Dublin,318015.206,226723.435
Dental Practice,"18 Pembroke Cottages, Dundrum, Dublin 14",Dublin,317183.752,227991.545
Dental Practice,"1 Tower Road, Dublin 22",Dublin,306968.253,231229.565
Dental Practice,"42 Heather View Close, Dublin 24",Dublin,308900.446,226283.609
Dental Practice,"Church Road, Ballybrack, Co. Dublin",Dublin,325225.335,224204.464
Dental Practice,"La Verna, 9 Clonkeen Road, Blackrock, Co. Dublin",Dublin,322540.262,226772.015
Dental Practice,"6 Main Street, Blackrock, Co. Dublin",Dublin,321524.082,229469.334
Dental Practice,"1 Auburn Drive, Castleknock, Dublin 15",Dublin,309296.031,237693.938
Dental Practice,"407 Howth Road, Dublin 5",Dublin,321333.529,238146.201
Dental Practice,"Whitestown Road, Rush, Co. Dublin",Dublin,325854.031,254096.703
Dental Practice,"1 Drogheda Mall, Main Street, Dublin 11",Dublin,313189.559,239059
Dental Practice,"283 Ballyfermot Road, Dublin 10",Dublin,309760.3682,233653.6589
Dental Practice,"353 Ballyfermot Road, Dublin 10",Dublin,309424.952,233688.778
Dental Practice,"49 Main Street, Dublin 14",Dublin,314378.53,228970.965
Dental Practice,"74 Lower Churchtown Road, Dublin 14",Dublin,316614.584,229204.797
Dental Practice,"Bellavista, 125 Upper Churchtown Road, Dublin 14",Dublin,316318.421,228632.915
Dental Practice,"15 Ballyroan Road, Dublin 16",Dublin,312855.477,228261.058
Dental Practice,"8 Sandyford Hall Centre, Kilgobbin Road, Dublin 18",Dublin,319072.344,225396.109
Dental Practice,"14 Palmerstown Park, Kennelsfort Road, Dublin 20",Dublin,308007.125,234625.058
Dental Practice,"51 Mountain Park, Tallaght, Dublin 24",Dublin,309708.95,227210.846
Dental Practice,"23 Maplewood Road, Springfield, Dublin 24",Dublin,307906.84,227550.089
Dental Practice,"60 Newtownpark Avenue, Blackrock, Co. Dublin",Dublin,321994.713,228299.567
Dental Practice,"11 Proby Square, Blackrock, Co. Dublin",Dublin,321433.308,228443.971
Dental Practice,"115 Rock Road, Booterstown, Blackrock, Co. Dublin",Dublin,320279.827,230198.262
Dental Practice,"The Lodge, Meadowvale, Blackrock, Co. Dublin",Dublin,322893.953,225977.88
Dental Practice,"6 Maretimo Gardens West, Blackrock, Co. Dublin",Dublin,321833.69,229301.84
Dental Practice,"24 Clonkeen Road, Blackrock, Co. Dublin",Dublin,322596.835,226769.689
Dental Practice,"23 Castle Street, Dalkey, Co. Dublin",Dublin,326520.2,226878.563
Dental Practice,"31 Ulverton Road, Dalkey, Co. Dublin",Dublin,326286.7,227180.324
Dental Practice,"19 Summerhill Road, Glasthule, Dun Laoghaire, Co. Dublin",Dublin,325030.732,228032.799
Dental Practice,"235 Rochestown Avenue, Dun Laoghaire, Co. Dublin",Dublin,324373.162,225724.728
Dental Practice,"112 Churchview, Killiney, Co. Dublin",Dublin,324357.923,224723.454
Dental Practice,"Elm Lodge, Monkstown Road, Monkstown, Co. Dublin",Dublin,323017.416,228594.056
Dental Practice,"Carne, 10 Pakenham Road, Monkstown, Co. Dublin",Dublin,323350.14,228434.58
Dental Practice,"30 Sandycove Road, Sandycove, Co. Dublin",Dublin,325697.401,227786.318
Dental Practice,"19 Aubrey Park, Shankill, Co. Dublin",Dublin,325406.9,221664.3
Dental Practice,"58 Clontarf Road, Dublin 3",Dublin,318675.447,236171.453
Dental Practice,"411 Griffith Avenue, Dublin 9",Dublin,315778.221,237823.438
Dental Practice,"158 Beaumont Road, Beaumont, Dublin 9",Dublin,317972.059,238726.847
Dental Practice,"306 North Circular Road, Dublin 7",Dublin,314827.186,235815.932
Dental Practice,"185 Clonsilla Road, Blanchardstown, Dublin 15",Dublin,307091.474,238276.628
Dental Practice,"4 Howth View Park, Donaghmeade, Dublin 13",Dublin,322085.057,239752.614
Dental Practice,"2 Shenick Road, Skerries, Co. Dublin",Dublin,325374.991,259556.313
Dental Practice,"42 Main Street, Swords, Co. Dublin",Dublin,318215.625,246742.141
Dental Practice,"66 Main Street, Swords, Co. Dublin",Dublin,318180.982,246635.547
Dental Practice,"Balally Lodge, Sandyford Road, Dublin 16",Dublin,318015.206,226723.435
Dental Practice,"2 Landscape Road, Churchtown, Dublin 14",Dublin,315502.434,229003.563
Dental Practice,"56A  Marian Road, Dublin 14",Dublin,313547.478,228249.081
Dental Practice,"Grange Road, Dublin 14",Dublin,314686.281,228194.609
Dental Practice,"18 Pembroke Cottages, Dublin 14",Dublin,317183.752,227991.545
Dental Practice,"2 New Cornelscourt, Bray Road, Dublin 18",Dublin,322780.311,225464.094
Dental Practice,"69 Lucan Road, Dublin 20",Dublin,309812.851,234603.921
Dental Practice,"1 Tower Road, Dublin 22",Dublin,306968.253,231229.565
Dental Practice,"42 Heather View Close, Dublin 24",Dublin,308900.446,226283.609
Dental Practice,"15 Church Road, Rathcoole, Co. Dublin",Dublin,301785.801,226647.257
Dental Practice,"23 Seapoint Avenue, Blackrock, Co. Dublin",Dublin,322252.691,229106.77
Dental Practice,"La Verna, 9 Clonkeen Road, Blackrock, Co. Dublin",Dublin,322540.262,226772.015
Dental Practice,"6 Main Street, Blackrock, Co. Dublin",Dublin,321524.082,229469.334
Dental Practice,"5 Brookfield, Blackrock, Co. Dublin",Dublin,320870.188,229326.828
Dental Practice,"Stillorgan Shopping Centre, Lower Kilmacud Road, Stillorgan, Co. Dublin",Dublin,320020.912,228043.38
Dental Practice,"Dun Muire, 7 Maretimos Garden West, Blackrock, Co. Dublin",Dublin,321840.491,229297.7
Dental Practice,"Blackrock Clinic, Blackrock, Co. Dublin",Dublin,320834.176,229634.997
Dental Practice,"2 Leixfort Villas, Corrig Avenue, Dun Laoghaire, Co. Dublin",Dublin,324484.329,228048.021
Dental Practice,"99 Upper Georges Street, Dun Laoghaire, Co. Dublin",Dublin,324498.688,228398.063
Dental Practice,"43 Albert Road, Glenageary, Co. Dublin",Dublin,325433.921,227250.512
Dental Practice,"12 Dodsboro Road, Lucan, Co. Dublin",Dublin,302473.614,234612.928
Dental Practice,"Marian House, Lower Main Street, Lucan, Co. Dublin",Dublin,303412.094,235370.266
Dental Practice,"2 Finnstown Shopping Centre, Newcastle Road, Lucan, Co. Dublin",Dublin,303182.688,233428.828
Dental Practice,"5 Rathcoole Shopping Centre, Main Street, Rathcoole, Co. Dublin",Dublin,302407.944,226765.256
Dental Practice,"2 Mount Pleasant, Sandycove Road, Sandycove, Co. Dublin",Dublin,325471.969,227841.641
Dental Practice,"108 Dorset Street Lower, Dublin 1",Dublin,315660.553,235576.281
Dental Practice,"123 Ballymun Road, Dublin 9",Dublin,315449.584,238600.847
Dental Practice,"Seatown West, Swords, Co. Dublin",Dublin,318541.968,247446.215
Dental Practice,"Manor House, Church Road, Malahide, Co. Dublin",Dublin,322710.25,246005.906
"Dental Practice, Unit 12","Raheny Shopping Centre, Howth Road, Dublin 5",Dublin,321270.909,238204.651
Dental Surgery,"7 Castle Terrace, Main Street, Malahide, Co. Dublin",Dublin,322572.438,246023.984
Dental Surgery,"Shankhill Health Centre, Lower Road, Dublin 18",Dublin,325178.833,221581.289
Dental Surgery,"63 North Strand Road, Dublin 3",Dublin,317132.458,235696.661
Dental Surgery,"Unit S  Northside Shopping Centre, Oscar Traynor Road, Dublin 17",Dublin,318885.588,239867.346
Dental Surgery,"118 Clonsilla Road, Blanchardstown, Dublin 15",Dublin,307265.688,238319.971
Dental Surgery,"1 Glenn Terrace, Glasthule, Co. Dublin",Dublin,325132.14,227970.151
Dental Surgery,"103 Patricks Street, Dun Laoghaire, Co. Dublin",Dublin,324292.906,228418.453
Dental Surgery,"1 The Dunes, Portmarnock, Co. Dublin",Dublin,324152.216,243114.84
Dental Surgery,"31 Lambourn Road, Clonsilla, Dublin 15",Dublin,305587.015,238127.832
Dental Surgery,"I Glenn Terrace, Glasthule Road, Co. Dublin",Dublin,325132.14,227970.151
Dental Surgery,"135 Georges Street, Dun Laoghaire, Co. Dublin",Dublin,323924.875,228768.172
Dental Surgery,"3A  The Hill, Stillorgan Road, Blackrock, Co. Dublin",Dublin,320231.696,227963.077
Dental Surgery,"103 Patricks Street, Dun Laoghaire, Co. Dublin",Dublin,324292.906,228418.453
Dental Surgery,"58 Main Street, Swords, Co. Dublin",Dublin,318187.696,246676.279
Dental Surgery,"135 Georges Street, Dun Laoghaire, Co. Dublin",Dublin,323924.875,228768.172
Dental Surgery,"116 Phibsboro Road, Dublin 7",Dublin,315097.679,236219.254
Dermot Kavanagh Orthodontics,"31 Clonkeen Road, Deansgrange, Blackrock, Co. Dublin",Dublin,322577.429,226646.211
Donabate Dental Practice,"Block 8  Ballast Court, Donabate, Co. Dublin",Dublin,322848.938,250097.859
Dorset Dental Practice,"89 Upper Dorset Street, Dublin 1",Dublin,315561.4,235401.487
Drs PJ Byrne and Johanna Glennon,"116 Merrion Road, Ballsbridge, Dublin 4",Dublin,318138.465,232703.755
Dublin Dental Clinic,"32 North Frederick Street, Dublin 1",Dublin,315610.719,235251.781
Dublin Orthodontics,"29/31 North Street, Swords, Co. Dublin",Dublin,318342.322,247059.331
Dublin Orthodontics,"Charlemont Mall, Dublin 22",Dublin,315856.633,232521.998
Dublin Specialist Dentistry,"402 Q House, 76 Furze Road, Sandyford Industrial Estate, Dublin 18",Dublin,319117.094,226297.234
Dundrum Medical & Dental Centre,"Level 4 Dundrum Town Centre, Sandyford Road, Dublin 16",Dublin,317261.906,227685.234
Dundrum Orthodontics,"11 The Gables, Ballinteer Road, Dublin 16",Dublin,316961.781,227758.438
EMC Healthcare,"50 Parnell Square West, Dublin 1",Dublin,315647.438,234935.234
East Coast Orthodontics,"Beacon South Quarter, Sandyford, Dublin 18",Dublin,318925.906,226518.156
"Elite Dental, Whitehall House","Whitehall House, Whitehall Close, Dublin 6W",Dublin,312111.406,229813.109
Exchange House,"Exchange House, Castleknock, Dublin 15",Dublin,309054.833,237099.043
Fairview Dental Clinic,"21 Fairview, Dublin 3",Dublin,317559.363,236242.106
Fingal Dental Surgery,"Station Road, Lusk, Co. Dublin",Dublin,321792.531,254414.125
Firhouse Orthodontic Clinic,"Oldcourt Shopping Centre, Parklands Road, Dublin 24",Dublin,310445.313,226193.922
Fitzwilliam House Dental Practice,"6 Fitzwilliam Street Lower, Dublin 2",Dublin,316692.825,233304.856
Frederick Dental Clinic,"33 North Frederick Street, Dublin 1",Dublin,315615.219,235246.641
Glencairn Medical Centre,"Leopardstown Valley, Ballyogan Road, Dublin 18",Dublin,320276.6,224641.7
Glencairn Medical Centre,"Leopardstown Valley, Ballyogan Road, Dublin 18",Dublin,320276.6,224641.7
Glenview Dental Surgery,"189 Glenview Park, Dublin 24",Dublin,310507.549,227748.419
Glenview Dental Surgery,"189 Glenview Park, Dublin 24",Dublin,310507.549,227748.419
Henry St. Dental Clinic,"51 Henry Street, Dublin 1",Dublin,315710.711,234625.945
Howard Gross Dental Clinic,"49 Thomas Street, Dublin 8",Dublin,314687.084,233846.369
IFSC Dental Care,"Unit 5 Lagan House, Lower Mayor Street, Dublin 1",Dublin,317105.188,234647.406
KBM Dental,"Grange Road Retail Park, Grange Road, Dublin 16",Dublin,315782.75,226595.406
KBM Medics Ltd,"Belgard Square West, Tallaght, Dublin 24",Dublin,308267.281,227686.266
KBM Medics Ltd,"Tallaght Cross West, Belgard Square West, Tallaght, Dublin 24",Dublin,308316.438,227581.531
Kilbarrack Dental Care,"49 Kilbarrack Road, Kilbarrack, Dublin 5",Dublin,323319.092,238957.318
Littlepace Dental Centre,"Littlepace Shopping Centre, Clonee, Co. Dublin",Dublin,304710.719,240508.781
Mayberry Dental Care,"20 Birchview Drive, Kilnamanagh, Dublin 24",Dublin,309694.829,228815.27
Mayberry Dental Care,"20 Birchview Drive, Kilnamanagh, Dublin 24",Dublin,309694.829,228815.27
Maypark Dental Practice,"7 Maypark, Malahide Road, Dublin 5",Dublin,318689.877,237650.153
Medical Lodge,"Donaghmede Shopping Centre, Grange Road, Dublin 13",Dublin,322289.165,239835.026
Meridian Dental Clinic,"1 The Avenue, Ongar Village, Dublin 15",Dublin,303898.938,239508.516
"Neligan & Gilbourne, SCR Dental","11 South Circular Road, Dublin 8",Dublin,315367.04,232705.688
Newlands Dental,"Newlands Cross, Dublin 22",Dublin,307072.938,230456.094
Newlands Dental,"Newlands Newlands Cross, Dublin 22",Dublin,307072.938,230456.094
Newpark Orthodontics,"70 Newtownpark Avenue, Blackrock, Co. Dublin",Dublin,321908.594,228227.359
North City Dental,"1 Tonlegee Road, Raheny, Dublin 5",Dublin,320002.556,239186.429
Northbrook Cinic,"15A Northbrook Road, Dublin 6",Dublin,316253.397,232314.584
Northern Cross Dental,"Unit 8 Burnell Square, Mayne River Way, Malahide Road, Dublin 17",Dublin,321029.938,240858.328
Number 16 Periodontics,"16 Woodbine Road, Booterstown, Blackrock, Co. Dublin",Dublin,319110.938,230329.266
Old Bawn Dental Practice,"70 Old Bawn Road, Dublin 24",Dublin,309509.713,227003.828
Old Bawn Dental Practice,"70 Old Bawn Road, Dublin 24",Dublin,309509.713,227003.828
Old Court Medical & Dental Centre,"Oldcourt Shopping Centre, Parklands Road, Dublin 24",Dublin,310445.313,226193.922
Old Court Medical & Dental Centre,"Oldcourt Shopping Centre, Parklands Road, Dublin 24",Dublin,310445.313,226193.922
Oldbawn Smile Clinic,"1 Old Bawn Terrace, Dublin 24",Dublin,309537.223,226631.076
Oldbawn Smile Clinic,"1 Old Bawn Terrace, Dublin 24",Dublin,309537.223,226631.076
Pearls Dental Clinic,"87 Kings Street North, Dublin 7",Dublin,314656.328,234646.425
Perfect Smiles Dental Surgery,"Railway Street, Dublin 1",Dublin,316521.906,235070.703
Phoenix Dental Clinic,"Phoenix Dental, The Chandler, Rathborne, Dublin 15",Dublin,310978.406,237488.406
Polmed Medical Care Ltd,"137 Parnell Street, Dublin 1",Dublin,315978.688,235127.391
Portobello Dental Clinic,"34 South Circular Road, Dublin 8",Dublin,315264.794,232734.423
Practice Limited to Endodontics,"Reman, Bray Road, Dublin 18",Dublin,322316.613,226112.776
Quinlan Dental Specialists,"18 Fitzwilliam Square South, Dublin 2",Dublin,316516.402,232983.934
R&D Dental Practice,"74A Terenure Road East, Terenure, Dublin 6",Dublin,314632.281,230296.953
Raheny Dental Centre,"436 Howth Road, Dublin 5",Dublin,320832.713,237950.484
Ranelagh Dental Clinic,"22-26 Sandyford Road, Dublin 6",Dublin,316749.281,231706.969
Rathfarnham Orthodontic Practice,"147 Rathfarnham Road, Rathfarnham, Dublin 14",Dublin,314435.949,229236.838
Rathmines Dental Clinic,"24 Upper Rathmines Road, Rathmines, Dublin 6",Dublin,315648.889,231449.841
Redmond Molloy Dental,"10 Howth Road, Dublin 13",Dublin,325862.347,239373.238
Redmond Molloy Dental,"Castlemills Medical Centre, Hamlet Lane, Balbriggan, Co. Dublin",Dublin,318741.688,264055.875
Redmond Molloy Dental Clinics,"222 Swords Road, Dublin 9",Dublin,316850.774,238952.977
Skerries Dental Care,"College Court, Strand Street, Skerries, Co. Dublin",Dublin,325399.439,260664.68
Slievemore Dental Clinic,"Old Dublin Road, Stillorgan, Co. Dublin",Dublin,320010.082,228391.562
Smile Design Dental Clinic,"111 Malahide Road, Dublin 3",Dublin,318375.402,237305.268
Smile Design Dental Clinic,"16 Main Street, Baldoyle, Dublin 13",Dublin,324636.69,240222.67
Smiles Dental,"Main Street, Blanchardstown, Dublin 15",Dublin,308172.019,238492.387
Smiles Dental Clinic,"Unit 2 Dundrum Business Park, Dundrum Road, Dublin 14",Dublin,317087.5,229451.375
Smiles Dental Clinic,"St Martin's House, Waterloo Road, Dublin 4",Dublin,317044.531,232807.078
Smiles Dental Clinic,"28 O' Connell Street, Dublin 1",Dublin,315951.125,234631.063
Smiles Dental Clinic,"Belgard Square West, Dublin 24",Dublin,308404.594,227456.906
Smiles Dental Clinic,"4 South Anne Street, Dublin 2, Dublin",Dublin,315950.023,233717.923
Smiles Dental Clinic,"Belgard Square West, Dublin 24",Dublin,308404.594,227456.906
Smiles Dental Clonshaugh,"Unit 8  Priorswood Shopping Centre, Clonshaugh Avenue, Dublin 17",Dublin,319286.012,240719.004
Smiles Orthodontics,"27 South Anne Street, Dublin 2",Dublin,315969.849,233695.265
South Dublin Dental,"2 Brighton Road, Dublin 18",Dublin,321241.685,225528.104
Stillorgan Dental Centre,"2 Stillorgan Plaza, Lower Kilmacud Road, Stillorgan, Co. Dublin",Dublin,320156.851,227950.927
Swords Orthodontic Practice,"17 Main Street, Swords, Co. Dublin",Dublin,318289.588,246830.067
The Burlington Dental Clinic,"16 Burlington Road, Ballsbridge, Dublin 4",Dublin,316878.906,232575.672
The Crescent Clinic,"23 Marino Crescent, Clontarf, Dublin 3",Dublin,318055.779,236457.073
The Gallery Dental Practice,"Marine Court Centre, The Green, Malahide, Co. Dublin",Dublin,322829.719,246227.125
The Hermitage Dental Clinic,"Old Lucan Road, Dublin 20",Dublin,306175.563,235490.625
The Knocklyon Dental Clinic,"Superquinn, Knocklyon Shopping Centre, Idrone Avenue, Dublin 16",Dublin,312246.084,227145.94
The Meridian Clinic,"Clarehall Shopping Centre, Malahide Road, Dublin 17",Dublin,321101.563,240511.531
The Northumberland Institute of Dental Medicine,"58 Northumberland Road, Ballsbridge, Dublin 4",Dublin,317511.458,233042.478
The Northumberland Institute of Dental Medicine,"58 Northumberland Road, Ballsbridge, Dublin 4",Dublin,317511.458,233042.478
The Oakland Clinic,"Unit 1  Block D, The Plaza, Dublin 15",Dublin,307590.5,242275.9
The Park Clinic,"Park Shopping Centre, Glen Drive, Dublin 18",Dublin,322711.438,225063.109
The Park Clinic,"Park Shopping Centre, Glen Drive, Dublin 18",Dublin,322711.438,225063.109
The Plaza Dental Practice,"The Plaza, Blanchardstown, Dublin 15",Dublin,308235.927,238474.232
The Priory Dental Practice,"5 Main Street, Tallaght, Dublin 24",Dublin,309353.993,227614.647
The Priory Dental Practice,"5 Main Street, Tallaght, Dublin 24",Dublin,309353.993,227614.647
The Rathfarnham Dental Practice,"151 Rathfarnham Road, Dublin 14",Dublin,314435.712,229217.621
"The Square Dental Surgery, Medical Centre","Unit 35 The Square, Belgarde Square East, Dublin 24",Dublin,308632.978,227474.769
Touchstone Dental,"Riverside Medical Centre, Navan Road, Dublin 15",Dublin,306558.849,240384.931
Tully House Dental,"Tully House, Monastery Road, Dublin 22",Dublin,307329.394,231241.086
Tully House Dental,"Tully House, Monastery Road, Dublin 22",Dublin,307329.394,231241.086
Tyrellstown Dental Centre,"Tyrrelstown House, Powerstown Road, Tyrrelstown, Dublin 15",Dublin,306775.915,241869.414
Unit 1-3 Park Shopping Centre,"Park Shopping Centre, 35-39 Prussia Street, Dublin 7",Dublin,314128.41,235321.243
Unit 13,"Bayside Shopping Centre, Bayside, Dublin 13",Dublin,323788.128,239182.306
"Unit 22, Floor 1","Phibsboro Shopping Centre, Phibsboro, Dublin 7",Dublin,315003.783,236034.035
Village Dental Practice,"Church Avenue, Dublin 15",Dublin,308089.906,238474.547
Walkinstown Dental Centre,"St Peters Road, Dublin 12, Dublin",Dublin,311547.7,230379
Westview,"10 Clonsilla Road, Dublin 15",Dublin,307740.501,238795.566
Woodstown Dental Centre,"Woodstown Shopping Centre, Ballycullen Road, Dublin 16",Dublin,311421.813,226324.797
Woodstown Dental Centre,"Unit 11  Woodstown Shopping Centre, Ballycullen Road, Dublin 16",Dublin,311421.813,226324.797
Woodview,"Main Street, Blanchardstown, Dublin 15",Dublin,308013.448,238576.384